{
  "evaluation_date": "2025-06-29 12:28:29",
  "categories_evaluated": [
    "electronics",
    "fashion",
    "beauty_health"
  ],
  "total_samples": 19,
  "overall_metrics": {
    "single_agent_accuracy": 0.7527777777777778,
    "multi_agent_accuracy": 0.85,
    "accuracy_improvement_percent": 12.91512915129151,
    "single_agent_f1": 0.6498186998186998,
    "multi_agent_f1": 0.8064814814814815,
    "f1_improvement_percent": 24.108690886625887
  },
  "detailed_results": {
    "electronics": {
      "single_agent": {
        "accuracy": 0.625,
        "precision": 0.390625,
        "recall": 0.625,
        "f1_score": 0.4807692307692308,
        "avg_confidence": 0.85625,
        "processing_time": 17.840951204299927
      },
      "multi_agent": {
        "accuracy": 0.75,
        "precision": 0.8214285714285714,
        "recall": 0.75,
        "f1_score": 0.7083333333333334,
        "avg_confidence": 0.853125,
        "processing_time": 108.35834693908691
      },
      "improvements": {
        "accuracy_improvement": 20.0,
        "precision_improvement": 110.28571428571428,
        "recall_improvement": 20.0,
        "f1_improvement": 47.333333333333336,
        "confidence_improvement": -0.36496350364962726
      },
      "sample_size": 8,
      "single_correct": 5,
      "multi_correct": 6
    },
    "fashion": {
      "single_agent": {
        "accuracy": 0.8,
        "precision": 0.64,
        "recall": 0.8,
        "f1_score": 0.711111111111111,
        "avg_confidence": 0.85,
        "processing_time": 11.155436992645264
      },
      "multi_agent": {
        "accuracy": 0.8,
        "precision": 0.64,
        "recall": 0.8,
        "f1_score": 0.711111111111111,
        "avg_confidence": 0.85,
        "processing_time": 70.47504782676697
      },
      "improvements": {
        "accuracy_improvement": 0.0,
        "precision_improvement": 0.0,
        "recall_improvement": 0.0,
        "f1_improvement": 0.0,
        "confidence_improvement": 0.0
      },
      "sample_size": 5,
      "single_correct": 4,
      "multi_correct": 4
    },
    "beauty_health": {
      "single_agent": {
        "accuracy": 0.8333333333333334,
        "precision": 0.6944444444444445,
        "recall": 0.8333333333333334,
        "f1_score": 0.7575757575757575,
        "avg_confidence": 0.8583333333333333,
        "processing_time": 12.806496143341064
      },
      "multi_agent": {
        "accuracy": 1.0,
        "precision": 1.0,
        "recall": 1.0,
        "f1_score": 1.0,
        "avg_confidence": 0.85625,
        "processing_time": 86.21013689041138
      },
      "improvements": {
        "accuracy_improvement": 19.999999999999996,
        "precision_improvement": 43.999999999999986,
        "recall_improvement": 19.999999999999996,
        "f1_improvement": 32.00000000000002,
        "confidence_improvement": -0.2427184466019409
      },
      "sample_size": 6,
      "single_correct": 5,
      "multi_correct": 6
    }
  }
}