{
  "single_agent": {
    "accuracy": 0.625,
    "precision": 0.390625,
    "recall": 0.625,
    "f1_score": 0.4807692307692308,
    "avg_confidence": 0.85625,
    "processing_time": 17.840951204299927
  },
  "multi_agent": {
    "accuracy": 0.75,
    "precision": 0.8214285714285714,
    "recall": 0.75,
    "f1_score": 0.7083333333333334,
    "avg_confidence": 0.853125,
    "processing_time": 108.35834693908691
  },
  "improvements": {
    "accuracy_improvement": 20.0,
    "precision_improvement": 110.28571428571428,
    "recall_improvement": 20.0,
    "f1_improvement": 47.333333333333336,
    "confidence_improvement": -0.36496350364962726
  },
  "sample_size": 8,
  "single_correct": 5,
  "multi_correct": 6
}